MSE Train,MAE Train,MSE Val,MAE Val
5.361545873938667e-09,5.506943125510588e-05,7.508396625518799,2.1626830101013184
