MSE Train,MAE Train,MSE Val,MAE Val
0.006814282853156328,0.05883302539587021,2.5607428550720215,1.2186793088912964
