MSE Train,MAE Train,MSE Val,MAE Val
0.004642063286155462,0.048897650092840195,6.537333011627197,1.819586157798767
