MSE Train,MAE Train,MSE Val,MAE Val
5.025232674427116e-09,5.376644912757911e-05,5.784196376800537,1.770809292793274
