MSE Train,MAE Train,MSE Val,MAE Val
0.0066272239200770855,0.05752437189221382,10.7041597366333,1.9342501163482666
