MSE Train,MAE Train,MSE Val,MAE Val
3.540681969838033e-09,4.6104883949737996e-05,9.284934997558594,2.0799553394317627
