MSE Train,MAE Train,MSE Val,MAE Val
0.0055741118267178535,0.05315869301557541,4.506524085998535,1.6078593730926514
