session_id,age,days_from_baseline,days_to_diagnosis,cognitiveyly_normal
ses-d0139,52.62,139,0,True
ses-d1329,55.87,1329,1244,True
ses-d1336,55.89,1336,1244,True
ses-d2624,59.42821917808219,2624,2451,True
ses-d2911,60.214520547945206,2911,2451,True
