MSE Train,MAE Train,MSE Val,MAE Val
4.047644885929458e-09,4.81420211144723e-05,9.285128593444824,2.079988956451416
