MSE Train,MAE Train,MSE Val,MAE Val
3.1462306093743564e-09,4.131016612518579e-05,7.508402347564697,2.1626830101013184
