MSE Train,MAE Train,MSE Val,MAE Val
2.288724987309365e-09,3.758238744921982e-05,29.727436065673828,2.8843154907226562
