session_id,age,days_from_baseline,days_to_diagnosis,cognitiveyly_normal
ses-d0597,49.03,597,0,True
ses-d1153,50.55328767123288,1153,1127,True
ses-d2432,54.06,2432,2285,True
ses-d3574,57.186164383561646,3574,3487,True
