session_id,age,days_from_baseline,days_to_diagnosis,cognitiveyly_normal
ses-d1176,63.96,1176,1142,True
ses-d1616,65.1654794520548,1616,1142,True
ses-d2211,66.8,2211,2183,True
ses-d3446,70.17917808219178,3446,3332,True
