session_id,age,days_from_baseline,days_to_diagnosis,cognitiveyly_normal
ses-d3443,56.89,3443,3374,True
ses-d4519,59.83794520547945,4519,4399,True
ses-d5508,62.547534246575346,5508,5457,True
ses-d5544,62.64616438356165,5544,5457,True
