group,"PCC (pred,target)","p (pred,target)","PCC (age,res)","p (age,res)"
All,0.9419442697818209,0.0,-0.2735606154482679,4.774614124138471e-26
M,0.9439204908638335,6.249867687266892e-252,-0.27270725591460926,2.4503763298575583e-10
F,0.9409939325874117,0.0,-0.2757318256709177,2.0708622382489615e-17
