MSE Train,MAE Train,MSE Val,MAE Val
2.4192965408786904e-09,3.581127384677529e-05,5.784122467041016,1.7708009481430054
