session_id,age,days_from_baseline,days_to_diagnosis,cognitiveyly_normal
ses-d0019,45.92,19,0,True
ses-d1833,50.89,1833,1135,True
ses-d2668,53.18,2668,2616,True
ses-d3410,55.21041095890411,3410,3389,True
ses-d4523,58.259726027397264,4523,4478,True
