session_id,age,days_from_baseline,days_to_diagnosis,cognitiveyly_normal
ses-d1188,54.66,1188,1160,True
ses-d2308,57.72,2308,2238,True
ses-d4711,64.31205479452055,4711,4604,True
ses-d4712,64.31479452054793,4712,4604,True
