val_loss,val_mae
6.838096637995289,2.1216167050737407
