MSE Train,MAE Train,MSE Val,MAE Val
0.005341912619769573,0.05247021093964577,4.4319233894348145,1.7010746002197266
