MSE Train,MAE Train,MSE Val,MAE Val
7.977071072673425e-05,0.007553931325674057,4.576562881469727,1.6243607997894287
