MSE Train,MAE Train,MSE Val,MAE Val
3.1329644116340205e-05,0.0046118781901896,6.838487148284912,1.8511600494384766
