MSE Train,MAE Train,MSE Val,MAE Val
5.5703970325282626e-09,5.524769221665338e-05,7.195552349090576,2.1041407585144043
