MSE Train,MAE Train,MSE Val,MAE Val
7.385996468656231e-06,0.002257550833746791,11.97298812866211,2.0043413639068604
