session_id,age,days_from_baseline,days_to_diagnosis,cognitiveyly_normal
ses-d0123,69.82,123,0,True
ses-d0714,71.43,714,469,True
ses-d1301,73.04,1301,951,True
ses-d2684,76.83,2684,2594,True
ses-d2692,76.85,2692,2594,True
ses-d3174,78.17890410958904,3174,2995,True
ses-d3385,78.75,3385,3314,False
ses-d4116,80.75972602739725,4116,4022,True
ses-d4631,82.17068493150684,4631,4430,True
ses-d4632,82.17342465753424,4632,4430,True
