MSE Train,MAE Train,MSE Val,MAE Val
1.1243801964155864e-05,0.0027433570940047503,2.761719226837158,1.2548404932022095
