MSE_val,MAE_val
5.538563251495361,1.8002673
