MSE Train,MAE Train,MSE Val,MAE Val
2.0493908792218463e-09,3.449343785177916e-05,7.195549011230469,2.104140281677246
