session_id,age,days_from_baseline,days_to_diagnosis,cognitiveyly_normal
ses-d0280,66.93,280,0,True
ses-d0893,68.61,893,826,True
ses-d2334,72.56,2334,2224,True
ses-d3084,74.61219178082193,3084,2902,True
ses-d3301,75.20671232876713,3301,3232,True
