session_id,age,days_from_baseline,days_to_diagnosis,cognitiveyly_normal
ses-d5837,76.66,5837,5478,True
ses-d6419,78.25,6419,6213,True
ses-d6605,78.76,6605,6572,True
ses-d7432,81.02,7432,7410,True
ses-d8874,84.97,8874,8827,True
ses-d8881,84.99,8881,8827,True
ses-d9317,86.19424657534246,9317,9229,False
ses-d9443,86.53,9443,9229,False
ses-d9874,87.72027397260274,9874,9558,False
