session_id,age,days_from_baseline,days_to_diagnosis,cognitiveyly_normal
ses-d0410,58.09,410,0,
ses-d1668,61.54,1668,0,
ses-d2760,64.52835616438357,2760,0,
ses-d2788,64.60506849315068,2788,0,
