MSE Train,MAE Train,MSE Val,MAE Val
3.425908653298393e-05,0.004925331566482782,4.726953506469727,1.7543988227844238
