session_id,age,days_from_baseline,days_to_diagnosis,cognitiveyly_normal
ses-d3628,73.0,3628,3553,True
ses-d4384,75.07,4384,4067,True
ses-d6253,80.19,6253,6092,True
ses-d7577,83.81917808219178,7577,7513,True
ses-d7578,83.82191780821918,7578,7513,True
