PCC,p-value
0.7719100381898036,1.0192005960984523e-79
