val_loss,val_mae,R2
6.6073164138009135,2.0684057084873384,0.033619725918866306
