val_loss,val_mae
6.6073164138009135,2.0684057084873384
