session_id,age,days_from_baseline,days_to_diagnosis,cognitiveyly_normal
ses-d0019,61.508082191780815,19,0,True
ses-d1341,65.13,1341,1270,True
ses-d2462,68.20123287671233,2462,2390,True
ses-d3556,71.19849315068493,3556,2679,True
