session_id,age,days_from_baseline,days_to_diagnosis,cognitiveyly_normal
ses-d0091,74.29,91,0,True
ses-d1232,77.41,1232,1206,True
ses-d1981,79.46,1981,1916,True
ses-d1989,79.49000000000001,1989,1916,True
ses-d2661,81.33109589041096,2661,2549,True
ses-d3346,83.20780821917809,3346,3221,True
