MSE Train,MAE Train,MSE Val,MAE Val
2.944693822115596e-09,3.935658241971396e-05,29.726016998291016,2.8842995166778564
